Question,Answer
What is the definition or formula for: Atom definition?,The smallest particle of an element that can exist independently
What is the definition or formula for: Atom definition?,The smallest particle of an element that can exist independently
What is the definition or formula for: Atom definition?,The smallest particle of an element that can exist independently
What is the definition or formula for: Atom definition?,The smallest particle of an element that can exist independently
What is the definition or formula for: Element definition?,A pure substance made of only one type of atom
What is the definition or formula for: Element definition?,A pure substance made of only one type of atom
What is the definition or formula for: Element definition?,A pure substance made of only one type of atom
What is the definition or formula for: Element definition?,A pure substance made of only one type of atom
What is the definition or formula for: Compound definition?,A substance made of two or more different elements chemically bonded together in fixed proportions
What is the definition or formula for: Compound definition?,A substance made of two or more different elements chemically bonded together in fixed proportions
What is the definition or formula for: Compound definition?,A substance made of two or more different elements chemically bonded together in fixed proportions
What is the definition or formula for: Compound definition?,A substance made of two or more different elements chemically bonded together in fixed proportions
What is the definition or formula for: Mixture definition?,Two or more substances physically combined that are not chemically bonded together
What is the definition or formula for: Mixture definition?,Two or more substances physically combined that are not chemically bonded together
What is the definition or formula for: Mixture definition?,Two or more substances physically combined that are not chemically bonded together
What is the definition or formula for: Mixture definition?,Two or more substances physically combined that are not chemically bonded together
What is the definition or formula for: Molecule definition?,A group of two or more non-metal atoms held together by chemical bonds
What is the definition or formula for: Molecule definition?,A group of two or more non-metal atoms held together by chemical bonds
What is the definition or formula for: Molecule definition?,A group of two or more non-metal atoms held together by chemical bonds
What is the definition or formula for: Molecule definition?,A group of two or more non-metal atoms held together by chemical bonds
What is the definition or formula for: Chemical symbol for Hydrogen?,H
What is the definition or formula for: Chemical symbol for Hydrogen?,H
What is the definition or formula for: Chemical symbol for Hydrogen?,H
What is the definition or formula for: Chemical symbol for Hydrogen?,H
What is the definition or formula for: Chemical symbol for Carbon?,C
What is the definition or formula for: Chemical symbol for Carbon?,C
What is the definition or formula for: Chemical symbol for Carbon?,C
What is the definition or formula for: Chemical symbol for Carbon?,C
What is the definition or formula for: Chemical symbol for Oxygen?,O
What is the definition or formula for: Chemical symbol for Oxygen?,O
What is the definition or formula for: Chemical symbol for Oxygen?,O
What is the definition or formula for: Chemical symbol for Oxygen?,O
What is the definition or formula for: Chemical symbol for Sodium?,Na
What is the definition or formula for: Chemical symbol for Sodium?,Na
What is the definition or formula for: Chemical symbol for Sodium?,Na
What is the definition or formula for: Chemical symbol for Sodium?,Na
What is the definition or formula for: Chemical symbol for Chlorine?,Cl
What is the definition or formula for: Chemical symbol for Chlorine?,Cl
What is the definition or formula for: Chemical symbol for Chlorine?,Cl
What is the definition or formula for: Chemical symbol for Chlorine?,Cl
What is the definition or formula for: Formula for water?,H2O (2 hydrogen atoms and 1 oxygen atom)
What is the definition or formula for: Formula for water?,H2O (2 hydrogen atoms and 1 oxygen atom)
What is the definition or formula for: Formula for water?,H2O (2 hydrogen atoms and 1 oxygen atom)
What is the definition or formula for: Formula for water?,H2O (2 hydrogen atoms and 1 oxygen atom)
What is the definition or formula for: Formula for carbon dioxide?,CO2 (1 carbon atom and 2 oxygen atoms)
What is the definition or formula for: Formula for carbon dioxide?,CO2 (1 carbon atom and 2 oxygen atoms)
What is the definition or formula for: Formula for carbon dioxide?,CO2 (1 carbon atom and 2 oxygen atoms)
What is the definition or formula for: Formula for carbon dioxide?,CO2 (1 carbon atom and 2 oxygen atoms)
What is the definition or formula for: Formula for methane?,CH4 (1 carbon atom and 4 hydrogen atoms)
What is the definition or formula for: Formula for methane?,CH4 (1 carbon atom and 4 hydrogen atoms)
What is the definition or formula for: Formula for methane?,CH4 (1 carbon atom and 4 hydrogen atoms)
What is the definition or formula for: Formula for methane?,CH4 (1 carbon atom and 4 hydrogen atoms)
