Question,Answer
What are corresponding angles?,Angles in the same position at each intersection of a transversal and parallel lines. They are equal.
What are alternate angles?,Angles on opposite sides of a transversal between parallel lines. They are equal.
What are co-interior angles?,Angles inside parallel lines on the same side of a transversal. They add to \(180^\circ\).
What is the sum of exterior angles of any polygon?,\(360^\circ\).
What is the sum of interior angles of an \(n\)-sided polygon?,\((n-2) \times 180^\circ\).
What is a regular polygon?,A polygon with all sides and all interior angles equal.
What is a diagonal?,A line segment joining two non-adjacent vertices of a polygon.
What is the circumference of a circle?,The distance around the edge of a circle.
What is the circumference formula?,\(C=2\pi r\) or \(C=\pi d\).
What is the area formula for a circle?,\(A=\pi r^2\).
What is the radius of a circle?,The distance from the centre to the circumference.
What is the diameter of a circle?,A line through the centre joining two points on the circumference. It is twice the radius.
What is a net of a 3D shape?,A flat pattern that can fold to make the 3D shape.
What is the volume formula for a cuboid?,\(\text{length} \times \text{width} \times \text{height}\).
What is the volume formula for a prism?,\(\text{area of cross-section} \times \text{length}\).
What is surface area?,The total area of every outer face of a 3D shape.
What is an inequality?,A statement showing one value is greater or less than another.
What does \(x \leq 4\) mean?,\(x\) is less than or equal to 4.
What is line symmetry?,When a shape can be reflected in a line and match exactly.
What is rotational symmetry?,When a shape matches itself after a turn of less than \(360^\circ\).
How do you estimate the mean from a grouped table?,Use class midpoints then calculate \(\frac{\sum fx}{\sum f}\).
