id,subtopic,difficulty,marks,type,prompt,optionA,optionB,optionC,optionD,answer,acceptableAnswers,tolerance,unit,explanation,provenance,specificationTags
"c1-v3-001","Solid arrangement","Foundation","1","multiple-choice","How are particles arranged in a solid?","Regular lattice pattern, tightly packed together in fixed positions","Randomly arranged, close together sliding past each other","Far apart moving rapidly in all directions","Floating freely in vacuum","Regular lattice pattern, tightly packed together in fixed positions","","","","Solid particles are closely packed in a fixed regular lattice.","Kojonote original","states|solid"
"c1-v3-002","Solid motion","Foundation","1","multiple-choice","How do particles move in a solid?","Vibrate about fixed positions","Slide rapidly past each other","Move freely at high speeds in random directions","Spin without vibrating","Vibrate about fixed positions","","","","Particles in solids vibrate around fixed points.","Kojonote original","states|solid"
"c1-v3-003","Liquid arrangement","Foundation","1","multiple-choice","How are particles arranged in a liquid?","Close together in a random, irregular arrangement","Fixed regular lattice","Far apart with large empty spaces","Stacked in perfect cubes","Close together in a random, irregular arrangement","","","","Liquid particles are close together but randomly arranged.","Kojonote original","states|liquid"
"c1-v3-004","Liquid motion","Foundation","1","multiple-choice","How do particles move in a liquid?","Move and slide past each other in random directions","Vibrate only about fixed positions","Move at high speed far apart","Remain completely stationary","Move and slide past each other in random directions","","","","Particles in liquids flow and slide past one another.","Kojonote original","states|liquid"
"c1-v3-005","Gas arrangement","Foundation","1","multiple-choice","How are particles arranged in a gas?","Far apart with very weak forces between them and large spaces","Tightly packed in a regular pattern","Close together in layers","Fixed in a circle","Far apart with very weak forces between them and large spaces","","","","Gas particles are widely spaced with negligible forces between them.","Kojonote original","states|gas"
"c1-v3-006","Gas motion","Foundation","1","multiple-choice","How do particles move in a gas?","Rapidly and randomly in all directions, colliding with container walls","Vibrate gently in fixed spots","Slide slowly past each other in layers","Move in straight parallel lines only","Rapidly and randomly in all directions, colliding with container walls","","","","Gas particles move rapidly and randomly in all directions.","Kojonote original","states|gas"
"c1-v3-007","Melting definition","Foundation","1","multiple-choice","What is the change of state from solid to liquid called?","Melting","Boiling","Freezing","Condensing","Melting","","","","Melting is solid turning to liquid.","Kojonote original","states|changes-of-state"
"c1-v3-008","Freezing definition","Foundation","1","multiple-choice","What is the change of state from liquid to solid called?","Freezing","Evaporating","Subliming","Boiling","Freezing","","","","Freezing is liquid turning to solid.","Kojonote original","states|changes-of-state"
"c1-v3-009","Boiling definition","Foundation","1","multiple-choice","What is the change of state from liquid to gas throughout the liquid at a fixed temperature?","Boiling","Melting","Condensing","Freezing","Boiling","","","","Boiling occurs throughout a liquid at a specific temperature.","Kojonote original","states|changes-of-state"
"c1-v3-010","Evaporation vs Boiling","Higher","1","multiple-choice","How does evaporation differ from boiling?","Evaporation occurs at any temperature from the liquid surface; boiling occurs throughout the liquid at a fixed temperature","Evaporation requires a higher temperature than boiling","Boiling happens on the surface only","There is no difference","Evaporation occurs at any temperature from the liquid surface; boiling occurs throughout the liquid at a fixed temperature","","","","Evaporation happens slowly at the surface at any temperature.","Kojonote original","states|changes-of-state"
"c1-v3-011","Condensation definition","Foundation","1","multiple-choice","What is the change of state from gas to liquid called?","Condensation","Sublimation","Evaporation","Freezing","Condensation","","","","Condensation is gas cooling into liquid.","Kojonote original","states|changes-of-state"
"c1-v3-012","Sublimation definition","Higher","1","multiple-choice","What is the change of state directly from solid to gas without becoming a liquid?","Sublimation","Condensation","Boiling","Evaporation","Sublimation","","","","Sublimation transitions directly from solid to gas.","Kojonote original","states|changes-of-state"
"c1-v3-013","Heating curve plateau 1","Higher","1","multiple-choice","On a heating curve graph, what does a flat horizontal section (plateau) represent?","A change of state occurring at a constant temperature while energy breaks intermolecular bonds","The substance cooling down","The particles stopping movement","Chemical decomposition","A change of state occurring at a constant temperature while energy breaks intermolecular bonds","","","","During state changes, energy overcomes forces rather than raising temperature.","Kojonote original","states|heating-curve"
"c1-v3-014","Heating curve plateau 2","Higher","1","multiple-choice","Why does temperature remain constant during the melting of ice?","Thermal energy is absorbed to overcome forces holding ice particles in fixed positions rather than increasing kinetic energy","Heat energy is lost to the surroundings","Ice cannot absorb heat","Water particles freeze again","Thermal energy is absorbed to overcome forces holding ice particles in fixed positions rather than increasing kinetic energy","","","","Energy breaks lattice forces during melting, keeping temp constant.","Kojonote original","states|heating-curve"
"c1-v3-015","Gas volume and temp","Foundation","1","multiple-choice","If a sealed flexible container of gas is heated at constant pressure, what happens to its volume?","The volume increases (the gas expands) because particles move faster and collide with greater force","The volume decreases","The volume stays exactly the same","The gas turns into a solid","The volume increases (the gas expands) because particles move faster and collide with greater force","","","","Heating increases gas particle speed, increasing volume at constant pressure.","Kojonote original","states|gas-laws"
"c1-v3-016","Gas pressure and temp","Foundation","1","multiple-choice","If a gas in a rigid container of fixed volume is heated, what happens to the gas pressure?","The pressure increases because particles move faster and collide more frequently and forcefully with container walls","The pressure decreases","The pressure stays zero","The container shrinks","The pressure increases because particles move faster and collide more frequently and forcefully with container walls","","","","Higher kinetic energy causes more frequent and forceful wall collisions.","Kojonote original","states|gas-laws"
"c1-v3-017","Gas pressure and volume","Higher","1","multiple-choice","If a gas is compressed into a smaller volume at constant temperature, what happens to the pressure?","The pressure increases because there are more particle collisions per unit area of the container walls per second","The pressure decreases","The pressure drops to zero","The gas condenses into gold","The pressure increases because there are more particle collisions per unit area of the container walls per second","","","","Decreasing volume increases collision frequency per unit area.","Kojonote original","states|gas-laws"
"c1-v3-018","Diffusion definition","Foundation","1","multiple-choice","What is diffusion in chemistry?","The net movement of gas or liquid particles from a higher concentration to a lower concentration","The chemical reaction between an acid and alkali","The settling of heavy solids in water","The freezing of a liquid","The net movement of gas or liquid particles from a higher concentration to a lower concentration","","","","Diffusion is particle movement down a concentration gradient.","Kojonote original","states|diffusion"
"c1-v3-019","Diffusion particle kinetic energy","Foundation","1","multiple-choice","Why does diffusion happen faster in gases than in liquids?","Gas particles move much faster and have larger empty spaces between them","Gas particles are larger","Liquid particles have no kinetic energy","Diffusion cannot occur in gases","Gas particles move much faster and have larger empty spaces between them","","","","Rapid gas velocity and wide spacing allow faster diffusion.","Kojonote original","states|diffusion"
"c1-v3-020","Effect of Mr on diffusion 1","Higher","1","multiple-choice","Ammonia gas (NH3, Mr = 17) and Hydrogen Chloride gas (HCl, Mr = 36.5) are released at opposite ends of a glass tube. Which gas diffuses faster?","Ammonia gas (NH3) because it has a smaller relative molecular mass (Mr)","Hydrogen chloride gas (HCl)","Both diffuses at identical speeds","Neither gas diffuses","Ammonia gas (NH3) because it has a smaller relative molecular mass (Mr)","","","","Lighter molecules (lower Mr) have higher average speeds at a given temperature.","Kojonote original","states|diffusion"
"c1-v3-021","Effect of Mr on diffusion 2","Higher","1","multiple-choice","When ammonia (NH3) and hydrogen chloride (HCl) gases meet in a tube, a white ring of ammonium chloride forms. Where will the ring form?","Closer to the hydrogen chloride end, because ammonia diffuses faster","Closer to the ammonia end","Exactly in the exact middle","At both ends simultaneously","Closer to the hydrogen chloride end, because ammonia diffuses faster","","","","Ammonia diffuses further in the same time because it is lighter.","Kojonote original","states|diffusion"
"c1-v3-022","General Mr rule","Higher","1","multiple-choice","In general, how does relative molecular mass (Mr) affect the rate of gas diffusion at the same temperature?","Gases with a lower Mr diffuses faster than gases with a higher Mr","Gases with a higher Mr diffuses faster","Mr has no effect on diffusion","All gases diffuses at 100 m/s","Gases with a lower Mr diffuses faster than gases with a higher Mr","","","","Lower Mr molecules travel at higher average kinetic velocities.","Kojonote original","states|diffusion"
"c1-v3-023","Temperature effect on gas diffusion","Foundation","1","multiple-choice","Why does heating a room increase the speed at which perfume scent diffuses across the air?","Higher temperature gives gas particles more kinetic energy, making them move faster","Heat creates a vacuum","Perfume molecules shrink when heated","Air turns into a solid","Higher temperature gives gas particles more kinetic energy, making them move faster","","","","Higher temperature increases particle kinetic energy and speed.","Kojonote original","states|diffusion"
"c1-v3-024","Brownian motion concept","Higher","1","multiple-choice","What evidence supports the kinetic particle theory by showing random motion of visible smoke particles hit by invisible air molecules?","Brownian motion","Distillation","Electrolysis","Chromatography","Brownian motion","","","","Brownian motion demonstrates collisions by invisible moving fluid particles.","Kojonote original","states|particle-theory"
"c1-v3-025","Solids incompressible","Foundation","1","multiple-choice","Why are solids and liquids virtually incompressible?","Their particles are tightly packed together with very little space between them","Their particles are moving at light speed","Their particles contain air","Their particles are electrically neutral","Their particles are tightly packed together with very little space between them","","","","Close particle packing leaves no space to compress.","Kojonote original","states|properties"
"c1-v3-026","Gases compressible","Foundation","1","multiple-choice","Why can gases be compressed easily into a smaller volume?","There are large empty spaces between gas particles","Gas particles are soft and squishy","Gas particles melt when squeezed","Gases contain no mass","There are large empty spaces between gas particles","","","","Wide gaps between gas particles allow them to be pushed closer.","Kojonote original","states|properties"
"c1-v3-027","Fixed shape property","Foundation","1","multiple-choice","Which state of matter has a fixed shape and a fixed volume?","Solid","Liquid","Gas","Plasma only","Solid","","","","Solids retain fixed shape and volume due to strong lattice forces.","Kojonote original","states|properties"
"c1-v3-028","Fixed volume variable shape","Foundation","1","multiple-choice","Which state of matter has a fixed volume but takes the shape of its container?","Liquid","Solid","Gas","Vacuum","Liquid","","","","Liquids flow to fit containers while maintaining fixed volume.","Kojonote original","states|properties"
"c1-v3-029","Variable volume variable shape","Foundation","1","multiple-choice","Which state of matter expands to fill both the shape and volume of any container?","Gas","Liquid","Solid","Lattice","Gas","","","","Gases expand freely to fill container volume and shape.","Kojonote original","states|properties"
"c1-v3-030","Absolute zero concept","Higher","1","multiple-choice","What is absolute zero (-273 °C or 0 K)?","The theoretical temperature at which particles have zero kinetic energy and stop moving completely","The freezing point of water","The boiling point of nitrogen","The temperature of dry ice","The theoretical temperature at which particles have zero kinetic energy and stop moving completely","","","","Absolute zero is the state of minimum/zero particle kinetic energy.","Kojonote original","states|temperature"
"c1-v3-031","Density comparison","Foundation","1","multiple-choice","In general, which state of matter has the highest density for a given substance?","Solid (particles packed closest together)","Gas","Liquid","Vacuum","Solid (particles packed closest together)","","","","Solid particles are packed closest, giving highest mass per unit volume.","Kojonote original","states|density"
"c1-v3-032","Summary of states of matter","Foundation","1","multiple-choice","Which row correctly describes gas particles?","Arrangement: Random & far apart | Motion: Rapid & random in all directions","Arrangement: Fixed lattice | Motion: Vibrate only","Arrangement: Random & close | Motion: Slide past each other","Arrangement: Tightly packed | Motion: Stationary","Arrangement: Random & far apart | Motion: Rapid & random in all directions","","","","Gas particles are widely spaced, moving rapidly and randomly.","Kojonote original","states|summary"
