"id","subtopic","difficulty","marks","type","prompt","optionA","optionB","optionC","optionD","answer","acceptableAnswers","tolerance","unit","explanation","provenance","specificationTags"
"y7-num-001","Place Value","Foundation","1","multiple-choice","What is the value of the digit 4 in 4,940,562?","4 ten thousand (40,000)","4 million (4,000,000)","4 hundred thousand (400,000)","4 thousand (4,000)","4 million (4,000,000)","","","","The digit 4 is in the millions position.","Kojonote original","y7-maths|place-value"
"y7-num-002","Place Value","Foundation","1","multiple-choice","What is the value of the digit 9 in 9,229,626?","9 million (9,000,000)","9 thousand (9,000)","9 ten thousand (90,000)","9 hundred thousand (900,000)","9 million (9,000,000)","","","","The digit 9 is in the millions position.","Kojonote original","y7-maths|place-value"
"y7-num-003","Place Value","Foundation","1","multiple-choice","What is the value of the digit 4 in 4,346,458?","4 thousand (4,000)","4 ten thousand (40,000)","4 hundred thousand (400,000)","4 million (4,000,000)","4 million (4,000,000)","","","","The digit 4 is in the millions position.","Kojonote original","y7-maths|place-value"
"y7-num-004","Place Value","Foundation","1","multiple-choice","What is the value of the digit 3 in 3,100,465?","3 ten thousand (30,000)","3 hundred thousand (300,000)","3 million (3,000,000)","3 thousand (3,000)","3 million (3,000,000)","","","","The digit 3 is in the millions position.","Kojonote original","y7-maths|place-value"
"y7-num-005","Place Value","Foundation","1","multiple-choice","What is the value of the digit 6 in 6,254,662?","6 thousand (6,000)","6 million (6,000,000)","6 hundred thousand (600,000)","6 ten thousand (60,000)","6 million (6,000,000)","","","","The digit 6 is in the millions position.","Kojonote original","y7-maths|place-value"
"y7-num-006","Place Value","Foundation","1","multiple-choice","What is the value of the digit 2 in 2,450,488?","2 hundred thousand (200,000)","2 ten thousand (20,000)","2 million (2,000,000)","2 thousand (2,000)","2 million (2,000,000)","","","","The digit 2 is in the millions position.","Kojonote original","y7-maths|place-value"
"y7-num-007","Place Value","Foundation","1","multiple-choice","What is the value of the digit 6 in 6,690,889?","6 million (6,000,000)","6 ten thousand (60,000)","6 hundred thousand (600,000)","6 thousand (6,000)","6 million (6,000,000)","","","","The digit 6 is in the millions position.","Kojonote original","y7-maths|place-value"
"y7-num-008","Place Value","Foundation","1","multiple-choice","What is the value of the digit 4 in 4,443,088?","4 million (4,000,000)","4 hundred thousand (400,000)","4 thousand (4,000)","4 ten thousand (40,000)","4 million (4,000,000)","","","","The digit 4 is in the millions position.","Kojonote original","y7-maths|place-value"
"y7-num-009","Place Value","Foundation","1","multiple-choice","What is the value of the digit 1 in 1,902,485?","1 ten thousand (10,000)","1 million (1,000,000)","1 thousand (1,000)","1 hundred thousand (100,000)","1 million (1,000,000)","","","","The digit 1 is in the millions position.","Kojonote original","y7-maths|place-value"
"y7-num-010","Place Value","Foundation","1","multiple-choice","What is the value of the digit 6 in 6,824,032?","6 million (6,000,000)","6 hundred thousand (600,000)","6 ten thousand (60,000)","6 thousand (6,000)","6 million (6,000,000)","","","","The digit 6 is in the millions position.","Kojonote original","y7-maths|place-value"
"y7-num-011","Place Value","Foundation","1","multiple-choice","What is the value of the digit 1 in 1,278,587?","1 thousand (1,000)","1 ten thousand (10,000)","1 million (1,000,000)","1 hundred thousand (100,000)","1 million (1,000,000)","","","","The digit 1 is in the millions position.","Kojonote original","y7-maths|place-value"
"y7-num-012","Place Value","Foundation","1","multiple-choice","What is the value of the digit 3 in 3,294,077?","3 million (3,000,000)","3 thousand (3,000)","3 ten thousand (30,000)","3 hundred thousand (300,000)","3 million (3,000,000)","","","","The digit 3 is in the millions position.","Kojonote original","y7-maths|place-value"
"y7-num-013","Place Value","Foundation","1","multiple-choice","What is the value of the digit 8 in 8,180,520?","8 hundred thousand (800,000)","8 ten thousand (80,000)","8 million (8,000,000)","8 thousand (8,000)","8 million (8,000,000)","","","","The digit 8 is in the millions position.","Kojonote original","y7-maths|place-value"
"y7-num-014","Place Value","Foundation","1","multiple-choice","What is the value of the digit 2 in 2,077,042?","2 million (2,000,000)","2 hundred thousand (200,000)","2 ten thousand (20,000)","2 thousand (2,000)","2 million (2,000,000)","","","","The digit 2 is in the millions position.","Kojonote original","y7-maths|place-value"
"y7-num-015","Rounding","Foundation","1","multiple-choice","Round 26,080 to the nearest thousand.","27,000","26,000","25,000","26,080","26,000","","","","Rounding 26,080 to nearest thousand gives 26,000.","Kojonote original","y7-maths|rounding"
"y7-num-016","Rounding","Foundation","1","multiple-choice","Round 33,939 to the nearest ten.","33,950","33,930","33,940","33,939","33,940","","","","Rounding 33,939 to nearest ten gives 33,940.","Kojonote original","y7-maths|rounding"
"y7-num-017","Rounding","Foundation","1","multiple-choice","Round 30,158 to the nearest hundred.","30,158","30,200","30,300","30,100","30,200","","","","Rounding 30,158 to nearest hundred gives 30,200.","Kojonote original","y7-maths|rounding"
"y7-num-018","Rounding","Foundation","1","multiple-choice","Round 18,309 to the nearest thousand.","18,309","18,000","19,000","17,000","18,000","","","","Rounding 18,309 to nearest thousand gives 18,000.","Kojonote original","y7-maths|rounding"
"y7-num-019","Rounding","Foundation","1","multiple-choice","Round 35,733 to the nearest hundred.","35,733","35,800","35,700","35,600","35,700","","","","Rounding 35,733 to nearest hundred gives 35,700.","Kojonote original","y7-maths|rounding"
"y7-num-020","Rounding","Foundation","1","multiple-choice","Round 30,690 to the nearest hundred.","30,600","30,800","30,700","30,690","30,700","","","","Rounding 30,690 to nearest hundred gives 30,700.","Kojonote original","y7-maths|rounding"
"y7-num-021","Rounding","Foundation","1","multiple-choice","Round 25,205 to the nearest thousand.","26,000","25,205","25,000","24,000","25,000","","","","Rounding 25,205 to nearest thousand gives 25,000.","Kojonote original","y7-maths|rounding"
"y7-num-022","Rounding","Foundation","1","multiple-choice","Round 47,278 to the nearest thousand.","47,278","46,000","47,000","48,000","47,000","","","","Rounding 47,278 to nearest thousand gives 47,000.","Kojonote original","y7-maths|rounding"
"y7-num-023","Rounding","Foundation","1","multiple-choice","Round 93,474 to the nearest hundred.","93,600","93,500","93,400","93,474","93,500","","","","Rounding 93,474 to nearest hundred gives 93,500.","Kojonote original","y7-maths|rounding"
"y7-num-024","Rounding","Foundation","1","multiple-choice","Round 54,602 to the nearest ten.","54,602","54,600","54,610","54,590","54,600","","","","Rounding 54,602 to nearest ten gives 54,600.","Kojonote original","y7-maths|rounding"
"y7-num-025","Rounding","Foundation","1","multiple-choice","Round 82,895 to the nearest thousand.","82,895","83,000","84,000","82,000","83,000","","","","Rounding 82,895 to nearest thousand gives 83,000.","Kojonote original","y7-maths|rounding"
"y7-num-026","Rounding","Foundation","1","multiple-choice","Round 28,031 to the nearest hundred.","28,000","28,100","28,031","27,900","28,000","","","","Rounding 28,031 to nearest hundred gives 28,000.","Kojonote original","y7-maths|rounding"
"y7-num-027","Rounding","Foundation","1","multiple-choice","Round 63,353 to the nearest hundred.","63,500","63,353","63,300","63,400","63,400","","","","Rounding 63,353 to nearest hundred gives 63,400.","Kojonote original","y7-maths|rounding"
"y7-num-028","Rounding","Foundation","1","multiple-choice","Round 78,179 to the nearest ten.","78,179","78,170","78,180","78,190","78,180","","","","Rounding 78,179 to nearest ten gives 78,180.","Kojonote original","y7-maths|rounding"
"y7-num-029","Rounding","Foundation","1","multiple-choice","Round 29,617 to the nearest hundred.","29,500","29,617","29,700","29,600","29,600","","","","Rounding 29,617 to nearest hundred gives 29,600.","Kojonote original","y7-maths|rounding"
"y7-num-030","Comparing Decimals","Foundation","1","multiple-choice","Which symbol correctly completes: 5.028 ___ 5.078?",">","<",">=","=","<","","","","5.028 is smaller than 5.078.","Kojonote original","y7-maths|decimals"
"y7-num-031","Comparing Decimals","Foundation","1","multiple-choice","Which symbol correctly completes: 2.155 ___ 2.135?",">","<",">=","=",">","","","","2.155 is larger than 2.135.","Kojonote original","y7-maths|decimals"
"y7-num-032","Comparing Decimals","Foundation","1","multiple-choice","Which symbol correctly completes: 7.608 ___ 7.658?","=",">","<",">=","<","","","","7.608 is smaller than 7.658.","Kojonote original","y7-maths|decimals"
"y7-num-033","Comparing Decimals","Foundation","1","multiple-choice","Which symbol correctly completes: 9.758 ___ 9.768?","=",">=","<",">","<","","","","9.758 is smaller than 9.768.","Kojonote original","y7-maths|decimals"
"y7-num-034","Comparing Decimals","Foundation","1","multiple-choice","Which symbol correctly completes: 7.655 ___ 7.658?",">","<","=",">=","<","","","","7.655 is smaller than 7.658.","Kojonote original","y7-maths|decimals"
"y7-num-035","Comparing Decimals","Foundation","1","multiple-choice","Which symbol correctly completes: 3.425 ___ 3.475?","=",">=",">","<","<","","","","3.425 is smaller than 3.475.","Kojonote original","y7-maths|decimals"
"y7-num-036","Comparing Decimals","Foundation","1","multiple-choice","Which symbol correctly completes: 1.129 ___ 1.132?",">","<",">=","=","<","","","","1.129 is smaller than 1.132.","Kojonote original","y7-maths|decimals"
"y7-num-037","Comparing Decimals","Foundation","1","multiple-choice","Which symbol correctly completes: 5.387 ___ 5.397?",">=",">","=","<","<","","","","5.387 is smaller than 5.397.","Kojonote original","y7-maths|decimals"
"y7-num-038","Comparing Decimals","Foundation","1","multiple-choice","Which symbol correctly completes: 6.438 ___ 6.448?",">=",">","=","<","<","","","","6.438 is smaller than 6.448.","Kojonote original","y7-maths|decimals"
"y7-num-039","Comparing Decimals","Foundation","1","multiple-choice","Which symbol correctly completes: 4.054 ___ 4.064?","<","=",">=",">","<","","","","4.054 is smaller than 4.064.","Kojonote original","y7-maths|decimals"
"y7-num-040","Comparing Decimals","Foundation","1","multiple-choice","Which symbol correctly completes: 1.986 ___ 1.996?","=","<",">=",">","<","","","","1.986 is smaller than 1.996.","Kojonote original","y7-maths|decimals"
"y7-num-041","Comparing Decimals","Foundation","1","multiple-choice","Which symbol correctly completes: 6.795 ___ 6.805?",">=","<","=",">","<","","","","6.795 is smaller than 6.805.","Kojonote original","y7-maths|decimals"
"y7-num-042","Standard Form","Higher","1","multiple-choice","Write 68,000 in standard form.","6.8 x 10^5","6.8 x 10^4","6.8 x 10^3","68 x 10^3","6.8 x 10^4","","","","68,000 written in standard form is 6.8 x 10^4.","Kojonote original","y7-maths|standard-form"
"y7-num-043","Standard Form","Higher","1","multiple-choice","Write 14,000 in standard form.","1.4 x 10^3","1.4 x 10^5","1.4 x 10^4","14 x 10^3","1.4 x 10^4","","","","14,000 written in standard form is 1.4 x 10^4.","Kojonote original","y7-maths|standard-form"
"y7-num-044","Standard Form","Higher","1","multiple-choice","Write 40,000,000 in standard form.","4.0 x 10^7","4.0 x 10^6","4.0 x 10^8","40 x 10^6","4.0 x 10^7","","","","40,000,000 written in standard form is 4.0 x 10^7.","Kojonote original","y7-maths|standard-form"
"y7-num-045","Standard Form","Higher","1","multiple-choice","Write 9,000 in standard form.","9.0 x 10^4","90 x 10^2","9.0 x 10^2","9.0 x 10^3","9.0 x 10^3","","","","9,000 written in standard form is 9.0 x 10^3.","Kojonote original","y7-maths|standard-form"
"y7-num-046","Standard Form","Higher","1","multiple-choice","Write 64,000,000 in standard form.","6.4 x 10^6","6.4 x 10^8","64 x 10^6","6.4 x 10^7","6.4 x 10^7","","","","64,000,000 written in standard form is 6.4 x 10^7.","Kojonote original","y7-maths|standard-form"
"y7-num-047","Standard Form","Higher","1","multiple-choice","Write 7,700 in standard form.","7.7 x 10^4","7.7 x 10^2","77 x 10^2","7.7 x 10^3","7.7 x 10^3","","","","7,700 written in standard form is 7.7 x 10^3.","Kojonote original","y7-maths|standard-form"
"y7-num-048","Standard Form","Higher","1","multiple-choice","Write 969,999 in standard form.","97 x 10^4","9.7 x 10^4","9.7 x 10^5","9.7 x 10^6","9.7 x 10^5","","","","969,999 written in standard form is 9.7 x 10^5.","Kojonote original","y7-maths|standard-form"
"y7-num-049","Standard Form","Higher","1","multiple-choice","Write 7,400,000 in standard form.","7.4 x 10^7","74 x 10^5","7.4 x 10^6","7.4 x 10^5","7.4 x 10^6","","","","7,400,000 written in standard form is 7.4 x 10^6.","Kojonote original","y7-maths|standard-form"
"y7-num-050","Standard Form","Higher","1","multiple-choice","Write 72,000 in standard form.","7.2 x 10^3","7.2 x 10^4","72 x 10^3","7.2 x 10^5","7.2 x 10^4","","","","72,000 written in standard form is 7.2 x 10^4.","Kojonote original","y7-maths|standard-form"
"y7-num-051","Standard Form","Higher","1","multiple-choice","Write 52,000 in standard form.","52 x 10^3","5.2 x 10^5","5.2 x 10^4","5.2 x 10^3","5.2 x 10^4","","","","52,000 written in standard form is 5.2 x 10^4.","Kojonote original","y7-maths|standard-form"
"y7-num-052","Standard Form","Higher","1","multiple-choice","Write 5,400,000 in standard form.","5.4 x 10^7","5.4 x 10^6","5.4 x 10^5","54 x 10^5","5.4 x 10^6","","","","5,400,000 written in standard form is 5.4 x 10^6.","Kojonote original","y7-maths|standard-form"
