"id","subtopic","difficulty","marks","type","prompt","optionA","optionB","optionC","optionD","answer","acceptableAnswers","tolerance","unit","explanation","provenance","specificationTags"
"y7-alg-001","Collecting Like Terms","Foundation","1","multiple-choice","Simplify: 3x + 3y + 2x - 5y","3x + 3y","3xy","5x + 8y","5x - 2y","5x - 2y","","","","Combine x terms: 3x + 2x = 5x. Combine y terms: 3y - 5y = -2y.","StudyForge original","y7-maths|algebra"
"y7-alg-002","Collecting Like Terms","Foundation","1","multiple-choice","Simplify: 4x + 3y + 2x - 4y","4x + 3y","6x - 1y","5xy","6x + 7y","6x - 1y","","","","Combine x terms: 4x + 2x = 6x. Combine y terms: 3y - 4y = -1y.","StudyForge original","y7-maths|algebra"
"y7-alg-003","Collecting Like Terms","Foundation","1","multiple-choice","Simplify: 4x + 1y + 3x - 2y","6xy","4x + 1y","7x - 1y","7x + 3y","7x - 1y","","","","Combine x terms: 4x + 3x = 7x. Combine y terms: 1y - 2y = -1y.","StudyForge original","y7-maths|algebra"
"y7-alg-004","Collecting Like Terms","Foundation","1","multiple-choice","Simplify: 7x + 3y + 5x - 3y","12x","12xy","7x + 3y","12x + 6y","12x","","","","Combine x terms: 7x + 5x = 12x. Combine y terms: 3y - 3y = 0y.","StudyForge original","y7-maths|algebra"
"y7-alg-005","Collecting Like Terms","Foundation","1","multiple-choice","Simplify: 7x + 6y + 1x - 4y","10xy","8x + 10y","7x + 6y","8x + 2y","8x + 2y","","","","Combine x terms: 7x + 1x = 8x. Combine y terms: 6y - 4y = 2y.","StudyForge original","y7-maths|algebra"
"y7-alg-006","Collecting Like Terms","Foundation","1","multiple-choice","Simplify: 6x + 5y + 2x - 5y","6x + 5y","8x + 10y","8xy","8x","8x","","","","Combine x terms: 6x + 2x = 8x. Combine y terms: 5y - 5y = 0y.","StudyForge original","y7-maths|algebra"
"y7-alg-007","Collecting Like Terms","Foundation","1","multiple-choice","Simplify: 3x + 1y + 1x - 4y","4x + 5y","4x - 3y","3x + 1y","1xy","4x - 3y","","","","Combine x terms: 3x + 1x = 4x. Combine y terms: 1y - 4y = -3y.","StudyForge original","y7-maths|algebra"
"y7-alg-008","Collecting Like Terms","Foundation","1","multiple-choice","Simplify: 3x + 5y + 4x - 2y","3x + 5y","10xy","7x + 7y","7x + 3y","7x + 3y","","","","Combine x terms: 3x + 4x = 7x. Combine y terms: 5y - 2y = 3y.","StudyForge original","y7-maths|algebra"
"y7-alg-009","Collecting Like Terms","Foundation","1","multiple-choice","Simplify: 4x + 1y + 5x - 6y","9x + 7y","4xy","9x - 5y","4x + 1y","9x - 5y","","","","Combine x terms: 4x + 5x = 9x. Combine y terms: 1y - 6y = -5y.","StudyForge original","y7-maths|algebra"
"y7-alg-010","Collecting Like Terms","Foundation","1","multiple-choice","Simplify: 6x + 6y + 5x - 5y","11x + 11y","12xy","11x + 1y","6x + 6y","11x + 1y","","","","Combine x terms: 6x + 5x = 11x. Combine y terms: 6y - 5y = 1y.","StudyForge original","y7-maths|algebra"
"y7-alg-011","Collecting Like Terms","Foundation","1","multiple-choice","Simplify: 3x + 4y + 4x - 2y","7x + 2y","3x + 4y","9xy","7x + 6y","7x + 2y","","","","Combine x terms: 3x + 4x = 7x. Combine y terms: 4y - 2y = 2y.","StudyForge original","y7-maths|algebra"
"y7-alg-012","Collecting Like Terms","Foundation","1","multiple-choice","Simplify: 4x + 1y + 4x - 3y","8x - 2y","8x + 4y","4x + 1y","6xy","8x - 2y","","","","Combine x terms: 4x + 4x = 8x. Combine y terms: 1y - 3y = -2y.","StudyForge original","y7-maths|algebra"
"y7-alg-013","Collecting Like Terms","Foundation","1","multiple-choice","Simplify: 3x + 5y + 5x - 1y","8x + 6y","12xy","8x + 4y","3x + 5y","8x + 4y","","","","Combine x terms: 3x + 5x = 8x. Combine y terms: 5y - 1y = 4y.","StudyForge original","y7-maths|algebra"
"y7-alg-014","Collecting Like Terms","Foundation","1","multiple-choice","Simplify: 4x + 5y + 1x - 3y","5x + 8y","4x + 5y","7xy","5x + 2y","5x + 2y","","","","Combine x terms: 4x + 1x = 5x. Combine y terms: 5y - 3y = 2y.","StudyForge original","y7-maths|algebra"
"y7-alg-015","Collecting Like Terms","Foundation","1","multiple-choice","Simplify: 2x + 2y + 5x - 2y","2x + 2y","7x","7xy","7x + 4y","7x","","","","Combine x terms: 2x + 5x = 7x. Combine y terms: 2y - 2y = 0y.","StudyForge original","y7-maths|algebra"
"y7-alg-016","Collecting Like Terms","Foundation","1","multiple-choice","Simplify: 3x + 4y + 2x - 4y","5x + 8y","5xy","5x","3x + 4y","5x","","","","Combine x terms: 3x + 2x = 5x. Combine y terms: 4y - 4y = 0y.","StudyForge original","y7-maths|algebra"
"y7-alg-017","Collecting Like Terms","Foundation","1","multiple-choice","Simplify: 3x + 3y + 4x - 4y","3x + 3y","6xy","7x - 1y","7x + 7y","7x - 1y","","","","Combine x terms: 3x + 4x = 7x. Combine y terms: 3y - 4y = -1y.","StudyForge original","y7-maths|algebra"
"y7-alg-018","Single Brackets","Foundation","1","multiple-choice","Expand: 5(6x + 8)","6x + 40","30x + 8","30x + 40","11x + 13","30x + 40","","","","Multiply outside term by each term inside: 5*6x = 30x and 5*8 = 40.","StudyForge original","y7-maths|algebra"
"y7-alg-019","Single Brackets","Foundation","1","multiple-choice","Expand: 5(5x + 9)","10x + 14","5x + 45","25x + 45","25x + 9","25x + 45","","","","Multiply outside term by each term inside: 5*5x = 25x and 5*9 = 45.","StudyForge original","y7-maths|algebra"
"y7-alg-020","Single Brackets","Foundation","1","multiple-choice","Expand: 6(3x + 2)","18x + 2","9x + 8","3x + 12","18x + 12","18x + 12","","","","Multiply outside term by each term inside: 6*3x = 18x and 6*2 = 12.","StudyForge original","y7-maths|algebra"
"y7-alg-021","Single Brackets","Foundation","1","multiple-choice","Expand: 2(7x + 5)","14x + 10","14x + 5","7x + 10","9x + 7","14x + 10","","","","Multiply outside term by each term inside: 2*7x = 14x and 2*5 = 10.","StudyForge original","y7-maths|algebra"
"y7-alg-022","Single Brackets","Foundation","1","multiple-choice","Expand: 3(7x + 9)","7x + 27","10x + 12","21x + 9","21x + 27","21x + 27","","","","Multiply outside term by each term inside: 3*7x = 21x and 3*9 = 27.","StudyForge original","y7-maths|algebra"
"y7-alg-023","Single Brackets","Foundation","1","multiple-choice","Expand: 5(4x + 4)","4x + 20","20x + 4","20x + 20","9x + 9","20x + 20","","","","Multiply outside term by each term inside: 5*4x = 20x and 5*4 = 20.","StudyForge original","y7-maths|algebra"
"y7-alg-024","Single Brackets","Foundation","1","multiple-choice","Expand: 4(3x + 7)","7x + 11","12x + 7","12x + 28","3x + 28","12x + 28","","","","Multiply outside term by each term inside: 4*3x = 12x and 4*7 = 28.","StudyForge original","y7-maths|algebra"
"y7-alg-025","Single Brackets","Foundation","1","multiple-choice","Expand: 3(5x + 7)","15x + 7","8x + 10","15x + 21","5x + 21","15x + 21","","","","Multiply outside term by each term inside: 3*5x = 15x and 3*7 = 21.","StudyForge original","y7-maths|algebra"
"y7-alg-026","Single Brackets","Foundation","1","multiple-choice","Expand: 3(8x + 9)","24x + 9","24x + 27","8x + 27","11x + 12","24x + 27","","","","Multiply outside term by each term inside: 3*8x = 24x and 3*9 = 27.","StudyForge original","y7-maths|algebra"
"y7-alg-027","Single Brackets","Foundation","1","multiple-choice","Expand: 4(6x + 1)","24x + 1","24x + 4","10x + 5","6x + 4","24x + 4","","","","Multiply outside term by each term inside: 4*6x = 24x and 4*1 = 4.","StudyForge original","y7-maths|algebra"
"y7-alg-028","Single Brackets","Foundation","1","multiple-choice","Expand: 4(4x + 2)","16x + 8","8x + 6","4x + 8","16x + 2","16x + 8","","","","Multiply outside term by each term inside: 4*4x = 16x and 4*2 = 8.","StudyForge original","y7-maths|algebra"
"y7-alg-029","Single Brackets","Foundation","1","multiple-choice","Expand: 2(5x + 1)","7x + 3","10x + 2","5x + 2","10x + 1","10x + 2","","","","Multiply outside term by each term inside: 2*5x = 10x and 2*1 = 2.","StudyForge original","y7-maths|algebra"
"y7-alg-030","Single Brackets","Foundation","1","multiple-choice","Expand: 6(4x + 6)","4x + 36","24x + 6","24x + 36","10x + 12","24x + 36","","","","Multiply outside term by each term inside: 6*4x = 24x and 6*6 = 36.","StudyForge original","y7-maths|algebra"
"y7-alg-031","Single Brackets","Foundation","1","multiple-choice","Expand: 5(4x + 4)","4x + 20","20x + 20","9x + 9","20x + 4","20x + 20","","","","Multiply outside term by each term inside: 5*4x = 20x and 5*4 = 20.","StudyForge original","y7-maths|algebra"
"y7-alg-032","Single Brackets","Foundation","1","multiple-choice","Expand: 5(2x + 4)","7x + 9","10x + 4","10x + 20","2x + 20","10x + 20","","","","Multiply outside term by each term inside: 5*2x = 10x and 5*4 = 20.","StudyForge original","y7-maths|algebra"
"y7-alg-033","Single Brackets","Foundation","1","multiple-choice","Expand: 5(3x + 7)","15x + 7","3x + 35","15x + 35","8x + 12","15x + 35","","","","Multiply outside term by each term inside: 5*3x = 15x and 5*7 = 35.","StudyForge original","y7-maths|algebra"
"y7-alg-034","Single Brackets","Foundation","1","multiple-choice","Expand: 5(2x + 7)","10x + 7","7x + 12","10x + 35","2x + 35","10x + 35","","","","Multiply outside term by each term inside: 5*2x = 10x and 5*7 = 35.","StudyForge original","y7-maths|algebra"
"y7-alg-035","Linear Equations","Higher","1","multiple-choice","Solve: 3x + 1 = 19","5","9","6","7","6","","","","Subtract 1: 3x = 18. Divide by 3: x = 6.","StudyForge original","y7-maths|equations"
"y7-alg-036","Linear Equations","Higher","1","multiple-choice","Solve: 3x + 8 = 20","3","4","5","6","4","","","","Subtract 8: 3x = 12. Divide by 3: x = 4.","StudyForge original","y7-maths|equations"
"y7-alg-037","Linear Equations","Higher","1","multiple-choice","Solve: 2x + 7 = 23","11","9","8","7","8","","","","Subtract 7: 2x = 16. Divide by 2: x = 8.","StudyForge original","y7-maths|equations"
"y7-alg-038","Linear Equations","Higher","1","multiple-choice","Solve: 4x + 7 = 43","8","9","12","10","9","","","","Subtract 7: 4x = 36. Divide by 4: x = 9.","StudyForge original","y7-maths|equations"
"y7-alg-039","Linear Equations","Higher","1","multiple-choice","Solve: 3x + 1 = 10","4","2","6","3","3","","","","Subtract 1: 3x = 9. Divide by 3: x = 3.","StudyForge original","y7-maths|equations"
"y7-alg-040","Linear Equations","Higher","1","multiple-choice","Solve: 5x + 8 = 68","11","13","15","12","12","","","","Subtract 8: 5x = 60. Divide by 5: x = 12.","StudyForge original","y7-maths|equations"
"y7-alg-041","Linear Equations","Higher","1","multiple-choice","Solve: 3x + 2 = 29","12","9","8","10","9","","","","Subtract 2: 3x = 27. Divide by 3: x = 9.","StudyForge original","y7-maths|equations"
"y7-alg-042","Linear Equations","Higher","1","multiple-choice","Solve: 5x + 8 = 53","12","10","9","8","9","","","","Subtract 8: 5x = 45. Divide by 5: x = 9.","StudyForge original","y7-maths|equations"
"y7-alg-043","Linear Equations","Higher","1","multiple-choice","Solve: 6x + 4 = 46","7","8","6","10","7","","","","Subtract 4: 6x = 42. Divide by 6: x = 7.","StudyForge original","y7-maths|equations"
"y7-alg-044","Linear Equations","Higher","1","multiple-choice","Solve: 4x + 14 = 46","9","8","7","11","8","","","","Subtract 14: 4x = 32. Divide by 4: x = 8.","StudyForge original","y7-maths|equations"
"y7-alg-045","Linear Equations","Higher","1","multiple-choice","Solve: 3x + 3 = 9","2","5","1","3","2","","","","Subtract 3: 3x = 6. Divide by 3: x = 2.","StudyForge original","y7-maths|equations"
"y7-alg-046","Linear Equations","Higher","1","multiple-choice","Solve: 5x + 6 = 26","5","3","7","4","4","","","","Subtract 6: 5x = 20. Divide by 5: x = 4.","StudyForge original","y7-maths|equations"
"y7-alg-047","Linear Equations","Higher","1","multiple-choice","Solve: 5x + 9 = 19","1","2","3","5","2","","","","Subtract 9: 5x = 10. Divide by 5: x = 2.","StudyForge original","y7-maths|equations"
"y7-alg-048","Linear Equations","Higher","1","multiple-choice","Solve: 3x + 15 = 24","8","2","4","3","3","","","","Subtract 15: 3x = 9. Divide by 3: x = 3.","StudyForge original","y7-maths|equations"
"y7-alg-049","Linear Equations","Higher","1","multiple-choice","Solve: 5x + 12 = 72","14","13","11","12","12","","","","Subtract 12: 5x = 60. Divide by 5: x = 12.","StudyForge original","y7-maths|equations"
"y7-alg-050","Linear Equations","Higher","1","multiple-choice","Solve: 2x + 3 = 15","6","5","9","7","6","","","","Subtract 3: 2x = 12. Divide by 2: x = 6.","StudyForge original","y7-maths|equations"
"y7-alg-051","Linear Equations","Higher","1","multiple-choice","Solve: 5x + 11 = 66","11","13","12","10","11","","","","Subtract 11: 5x = 55. Divide by 5: x = 11.","StudyForge original","y7-maths|equations"
"y7-alg-052","Linear Equations","Higher","1","multiple-choice","Solve: 3x + 8 = 14","2","1","3","4","2","","","","Subtract 8: 3x = 6. Divide by 3: x = 2.","StudyForge original","y7-maths|equations"
